                  epoch,         train/box_loss,         train/cls_loss,         train/dfl_loss,   metrics/precision(B),      metrics/recall(B),       metrics/mAP50(B),    metrics/mAP50-95(B),           val/box_loss,           val/cls_loss,           val/dfl_loss,                 lr/pg0,                 lr/pg1,                 lr/pg2
                      0,                 2.2805,                 3.6138,                 1.7682,                0.00556,                0.19608,                 0.0035,                0.00102,                 2.8319,                 3.8935,                 2.2752,                0.09604,                  4e-05,                  4e-05
                      1,                 2.0109,                 3.1534,                 1.6135,                0.00767,                0.22549,                 0.0626,                0.01035,                  2.928,                 4.0332,                 2.3704,               0.091072,              7.218e-05,              7.218e-05
                      2,                  1.911,                 2.7187,                 1.4422,                0.00833,                 0.2451,                0.04414,                0.00697,                 2.9983,                 4.1322,                 2.3209,               0.086085,              8.456e-05,              8.456e-05
                      3,                 1.9277,                 2.4472,                 1.4102,                0.00926,                 0.2451,                0.04715,                0.00841,                 3.0329,                 3.9939,                 2.3457,               0.081077,              7.714e-05,              7.714e-05
                      4,                 1.9509,                 2.1866,                 1.3448,                0.00967,                0.28431,                0.06825,                 0.0135,                 2.9394,                 3.7664,                 2.2111,                0.07605,              4.992e-05,              4.992e-05
