                  epoch,         train/box_loss,         train/cls_loss,         train/dfl_loss,   metrics/precision(B),      metrics/recall(B),       metrics/mAP50(B),    metrics/mAP50-95(B),           val/box_loss,           val/cls_loss,           val/dfl_loss,                 lr/pg0,                 lr/pg1,                 lr/pg2
                      0,                 2.2805,                 3.6138,                 1.7682,                0.00515,                0.16667,                0.00314,                0.00095,                 2.8319,                 3.8935,                 2.2752,                0.09604,                  4e-05,                  4e-05
                      1,                 2.0115,                   3.15,                 1.6125,                0.00767,                0.22549,                 0.0627,                 0.0104,                 2.9223,                 4.0313,                  2.368,               0.091075,              7.515e-05,              7.515e-05
                      2,                 1.9036,                 2.7104,                 1.4376,                0.00833,                 0.2451,                0.04448,                0.00741,                 2.9989,                 4.1589,                 2.3233,               0.086094,               9.38e-05,               9.38e-05
                      3,                 1.9254,                 2.3847,                 1.3997,                0.00967,                0.28431,                0.04668,                0.00861,                 3.0772,                 3.9879,                 2.3865,               0.081096,              9.595e-05,              9.595e-05
                      4,                  1.931,                 2.0941,                 1.3198,                0.01212,                0.39216,                0.07018,                0.01361,                 3.0059,                 3.7787,                 2.2886,               0.076082,               8.16e-05,               8.16e-05
                      5,                 1.7676,                  1.878,                 1.2969,                0.01048,                0.64706,                0.08951,                0.02019,                  2.933,                 3.7005,                 2.1997,               0.071051,              5.075e-05,              5.075e-05
